path,sha256,bytes
config/synthetic_seed.yml,14bb5b1ba9f3f5c76efcd2e0ba3cad7eb3d256a500d1c773df3663bf9163d52f,207
data/synthetic/capex.csv,bb080adacf0624c078401ffde294156df00e3a9200ec54047542283ef0d773fb,8225
data/synthetic/construction_schedule.csv,049d6a8e8ceb5d4afc7ae01733a0262d11fe700c088af1644748d775899001c4,10662
data/synthetic/debt_terms.csv,4d6dc1963ad1a9208ea50078d42fee7b2e8612fabda110194203a4ab7e5dd50b,1818
data/synthetic/energy_uncertainty_budget.csv,8c85734be54a6f00d6b22828257d94af9569cb65c31be40b788d87c134173363,5650
data/synthetic/load_archetypes.csv,d6c7a0116f5b3974610329a3becdd2bff522833888e9510b17eee424775f57a1,1105
data/synthetic/offtaker_master.csv,80068d043b963609942c43bd93c779da7e9ef51f903b11f377764eb5dbeae872,2369
data/synthetic/ppa_terms.csv,92c418cf3a0e5f6d63810ba15ea1812de2c1a46bc872083e3808de8a636e6f13,3878
data/synthetic/project_master.csv,55c6ea4fdb2be6dfca18a010546822fef2a22f3867e1f07c930b6291565c7ae0,5922
data/synthetic/site_risk.csv,bc1d4c7926ac48bab4b3e12b18787896c51c24a0486d48630386ca9cf486bd25,1560
data/synthetic/solar_resource.csv,58c1fc739996320713c021b0885681c956480454ec676c33dd7763d4843d01ee,1372
