scenario_id,debt_mode,principal_policy,interest_policy,capex_policy
BASE,RESIZED_DEBT,RESIZED_BY_BASE_CFADS,BASE_RATE,BASE_CAPEX
P90_ENERGY,FIXED_CONTRACTUAL_SCHEDULE,UNCHANGED,UNCHANGED,BASE_CAPEX
CAPEX_OVERRUN,NO_NEW_DEBT,BASE_CONTRACTUAL,BASE_RATE,SPONSOR_EQUITY
INTEREST_RATE_SHOCK,FIXED_CONTRACTUAL_SCHEDULE,UNCHANGED,REPRICE_IF_FLOATING,BASE_CAPEX
COD_DELAY,FIXED_CONTRACTUAL_SCHEDULE,UNCHANGED,UNCHANGED,BASE_CAPEX
OPEX_INFLATION,FIXED_CONTRACTUAL_SCHEDULE,UNCHANGED,UNCHANGED,BASE_CAPEX
OFFTAKER_NONPAYMENT,FIXED_CONTRACTUAL_SCHEDULE,UNCHANGED,UNCHANGED,BASE_CAPEX
OFFTAKER_TERMINATION,NO_NEW_DEBT,BASE_CONTRACTUAL,BASE_RATE,BASE_CAPEX
COMBINED_DOWNSIDE,NO_NEW_DEBT,BASE_CONTRACTUAL,REPRICE_IF_FLOATING,SPONSOR_EQUITY
